user_id,email,first_name,last_name,department,premium,created_date
user0001,robert.williams@testcorp.com,Robert,Williams,Operations,false,2024-12-03
user0002,james.jones@testcorp.com,James,Jones,Sales,true,2025-10-14
user0003,michael.garcia@company.com,Michael,Garcia,Marketing,false,2025-03-04
user0004,jane.smith@testcorp.com,Jane,Smith,HR,true,2025-03-28
user0005,robert.martinez@example.com,Robert,Martinez,Finance,true,2025-05-28
user0006,michael.brown@company.com,Michael,Brown,Operations,false,2025-05-03
user0007,john.garcia@company.com,John,Garcia,HR,true,2025-06-13
user0008,sarah.johnson@company.com,Sarah,Johnson,IT,false,2025-04-10
user0009,lisa.davis@company.com,Lisa,Davis,Sales,true,2025-06-19
user0010,maria.williams@testcorp.com,Maria,Williams,Engineering,false,2025-06-19
user0011,robert.johnson@company.com,Robert,Johnson,Support,false,2025-07-10
user0012,james.smith@company.com,James,Smith,Finance,false,2025-03-18
user0013,sarah.smith@example.com,Sarah,Smith,Sales,false,2025-05-13
user0014,david.martinez@company.com,David,Martinez,Finance,false,2025-03-13
user0015,michael.smith@testcorp.com,Michael,Smith,Engineering,true,2025-02-20
user0016,maria.williams@example.com,Maria,Williams,Engineering,true,2025-09-24
user0017,michael.martinez@example.com,Michael,Martinez,Operations,false,2025-03-11
user0018,sarah.brown@testcorp.com,Sarah,Brown,IT,false,2025-03-31
user0019,lisa.martinez@testcorp.com,Lisa,Martinez,Sales,false,2025-04-25
user0020,michael.davis@company.com,Michael,Davis,IT,false,2025-07-11
user0021,john.johnson@testcorp.com,John,Johnson,IT,true,2025-06-13
user0022,maria.garcia@testcorp.com,Maria,Garcia,Sales,false,2024-12-25
user0023,robert.jones@example.com,Robert,Jones,Operations,false,2025-02-15
user0024,michael.brown@testcorp.com,Michael,Brown,Engineering,false,2025-02-23
user0025,john.garcia@example.com,John,Garcia,Marketing,true,2025-07-08
user0026,robert.jones@company.com,Robert,Jones,Engineering,false,2025-05-11
user0027,maria.brown@testcorp.com,Maria,Brown,Finance,false,2025-11-07
user0028,maria.smith@testcorp.com,Maria,Smith,HR,false,2025-01-30
user0029,lisa.garcia@example.com,Lisa,Garcia,HR,false,2025-07-16
user0030,maria.williams@testcorp.com,Maria,Williams,HR,false,2025-06-18
user0031,jane.brown@example.com,Jane,Brown,IT,false,2025-10-11
user0032,maria.jones@example.com,Maria,Jones,Operations,false,2025-01-02
user0033,james.jones@company.com,James,Jones,Finance,false,2025-06-28
user0034,john.martinez@company.com,John,Martinez,Engineering,false,2025-05-15
user0035,lisa.jones@testcorp.com,Lisa,Jones,Sales,false,2025-10-26
user0036,robert.martinez@testcorp.com,Robert,Martinez,Engineering,false,2025-05-21
user0037,james.smith@testcorp.com,James,Smith,HR,false,2025-02-04
user0038,sarah.smith@company.com,Sarah,Smith,Operations,true,2025-10-08
user0039,lisa.johnson@company.com,Lisa,Johnson,Operations,true,2025-01-14
user0040,jane.smith@testcorp.com,Jane,Smith,Sales,false,2025-04-20
user0041,michael.garcia@example.com,Michael,Garcia,HR,false,2025-07-30
user0042,robert.brown@company.com,Robert,Brown,Marketing,false,2025-09-29
user0043,emily.smith@example.com,Emily,Smith,Engineering,false,2024-12-03
user0044,maria.miller@testcorp.com,Maria,Miller,Operations,false,2025-10-21
user0045,john.rodriguez@company.com,John,Rodriguez,Sales,false,2025-06-11
user0046,david.miller@example.com,David,Miller,HR,true,2025-01-09
user0047,emily.davis@company.com,Emily,Davis,Support,false,2024-12-09
user0048,sarah.miller@company.com,Sarah,Miller,Support,false,2025-04-10
user0049,emily.rodriguez@testcorp.com,Emily,Rodriguez,IT,true,2025-06-18
user0050,michael.smith@testcorp.com,Michael,Smith,Finance,false,2024-12-20
user0051,jane.johnson@example.com,Jane,Johnson,Operations,false,2025-11-05
user0052,james.jones@company.com,James,Jones,Support,false,2025-09-17
user0053,jane.miller@testcorp.com,Jane,Miller,Operations,false,2024-12-18
user0054,emily.brown@example.com,Emily,Brown,Marketing,false,2025-02-07
user0055,emily.johnson@testcorp.com,Emily,Johnson,Engineering,true,2025-02-10
user0056,emily.davis@testcorp.com,Emily,Davis,Support,false,2025-01-21
user0057,david.rodriguez@company.com,David,Rodriguez,Marketing,false,2025-10-11
user0058,john.brown@example.com,John,Brown,Operations,false,2025-04-12
user0059,robert.jones@example.com,Robert,Jones,Sales,false,2025-05-16
user0060,james.johnson@company.com,James,Johnson,Sales,false,2025-09-14
user0061,sarah.smith@example.com,Sarah,Smith,HR,false,2025-01-20
user0062,maria.garcia@example.com,Maria,Garcia,Engineering,false,2025-03-17
user0063,robert.brown@example.com,Robert,Brown,Sales,true,2025-09-16
user0064,maria.davis@company.com,Maria,Davis,Operations,false,2025-01-24
user0065,sarah.miller@company.com,Sarah,Miller,Engineering,true,2025-03-03
user0066,lisa.davis@company.com,Lisa,Davis,Engineering,false,2024-11-16
user0067,michael.rodriguez@testcorp.com,Michael,Rodriguez,Marketing,false,2025-02-13
user0068,david.martinez@example.com,David,Martinez,Operations,true,2024-11-22
user0069,emily.smith@example.com,Emily,Smith,IT,false,2025-06-24
user0070,james.martinez@example.com,James,Martinez,IT,true,2024-11-20
user0071,james.miller@company.com,James,Miller,HR,false,2025-10-20
user0072,james.smith@company.com,James,Smith,HR,false,2025-10-17
user0073,maria.miller@example.com,Maria,Miller,Marketing,false,2025-04-28
user0074,emily.garcia@example.com,Emily,Garcia,Marketing,false,2025-08-12
user0075,sarah.garcia@testcorp.com,Sarah,Garcia,Marketing,false,2025-06-15
user0076,michael.jones@example.com,Michael,Jones,Support,true,2025-01-21
user0077,sarah.johnson@company.com,Sarah,Johnson,HR,false,2025-03-04
user0078,david.williams@example.com,David,Williams,Marketing,false,2025-08-05
user0079,david.jones@testcorp.com,David,Jones,IT,true,2024-12-06
user0080,maria.rodriguez@company.com,Maria,Rodriguez,Finance,true,2025-07-15
user0081,john.brown@example.com,John,Brown,Engineering,false,2025-07-14
user0082,michael.johnson@testcorp.com,Michael,Johnson,Support,false,2025-06-10
user0083,david.martinez@testcorp.com,David,Martinez,Marketing,true,2024-12-24
user0084,emily.rodriguez@testcorp.com,Emily,Rodriguez,Finance,true,2024-12-24
user0085,michael.martinez@example.com,Michael,Martinez,Operations,false,2025-10-20
user0086,robert.jones@company.com,Robert,Jones,Support,false,2025-10-05
user0087,james.brown@testcorp.com,James,Brown,Marketing,false,2025-03-25
user0088,lisa.rodriguez@company.com,Lisa,Rodriguez,Finance,false,2025-01-05
user0089,james.martinez@testcorp.com,James,Martinez,HR,false,2024-12-16
user0090,james.davis@testcorp.com,James,Davis,Sales,false,2025-07-19
user0091,emily.brown@example.com,Emily,Brown,Engineering,true,2025-09-04
user0092,john.martinez@example.com,John,Martinez,Engineering,false,2025-06-06
user0093,john.smith@example.com,John,Smith,Support,false,2025-04-04
user0094,michael.johnson@testcorp.com,Michael,Johnson,Sales,false,2025-04-01
user0095,lisa.jones@company.com,Lisa,Jones,Operations,false,2025-09-23
user0096,michael.jones@testcorp.com,Michael,Jones,HR,false,2025-03-09
user0097,john.brown@company.com,John,Brown,Marketing,false,2025-07-28
user0098,sarah.garcia@testcorp.com,Sarah,Garcia,HR,false,2025-09-14
user0099,james.williams@testcorp.com,James,Williams,Marketing,true,2025-07-07
user0100,sarah.miller@testcorp.com,Sarah,Miller,Marketing,false,2025-02-03
user0101,david.davis@company.com,David,Davis,IT,false,2025-09-14
user0102,david.martinez@testcorp.com,David,Martinez,Finance,false,2025-11-15
user0103,james.jones@testcorp.com,James,Jones,IT,false,2025-06-06
user0104,lisa.smith@company.com,Lisa,Smith,IT,false,2025-09-06
user0105,emily.miller@company.com,Emily,Miller,HR,false,2024-12-02
user0106,emily.jones@example.com,Emily,Jones,Engineering,false,2025-10-16
user0107,sarah.brown@testcorp.com,Sarah,Brown,Support,false,2025-08-14
user0108,david.johnson@example.com,David,Johnson,Operations,false,2025-11-08
user0109,robert.martinez@testcorp.com,Robert,Martinez,Sales,false,2025-02-09
user0110,lisa.rodriguez@company.com,Lisa,Rodriguez,Support,false,2025-08-29
user0111,maria.johnson@company.com,Maria,Johnson,Support,true,2025-07-29
user0112,lisa.miller@example.com,Lisa,Miller,Marketing,true,2025-10-03
user0113,michael.williams@testcorp.com,Michael,Williams,Finance,false,2025-04-17
user0114,james.brown@testcorp.com,James,Brown,HR,false,2025-05-17
user0115,sarah.davis@company.com,Sarah,Davis,Marketing,false,2025-03-02
user0116,james.rodriguez@testcorp.com,James,Rodriguez,Sales,false,2025-01-22
user0117,john.garcia@company.com,John,Garcia,IT,false,2024-12-30
user0118,james.miller@testcorp.com,James,Miller,Sales,false,2025-05-10
user0119,lisa.williams@company.com,Lisa,Williams,IT,false,2025-08-28
user0120,john.jones@example.com,John,Jones,HR,false,2025-05-15
user0121,david.johnson@testcorp.com,David,Johnson,Support,false,2025-03-15
user0122,emily.davis@company.com,Emily,Davis,Operations,false,2025-03-20
user0123,lisa.williams@example.com,Lisa,Williams,Engineering,true,2025-09-18
user0124,michael.williams@example.com,Michael,Williams,HR,true,2025-09-01
user0125,emily.jones@example.com,Emily,Jones,Marketing,false,2024-12-17
user0126,james.miller@example.com,James,Miller,Operations,true,2025-02-02
user0127,emily.miller@company.com,Emily,Miller,Marketing,false,2025-05-18
user0128,michael.garcia@testcorp.com,Michael,Garcia,Operations,false,2025-01-20
user0129,robert.davis@testcorp.com,Robert,Davis,Operations,false,2025-08-16
user0130,james.brown@company.com,James,Brown,IT,false,2025-09-15
user0131,james.smith@example.com,James,Smith,Operations,false,2025-08-17
user0132,james.garcia@company.com,James,Garcia,HR,false,2025-05-14
user0133,james.williams@example.com,James,Williams,Support,false,2025-01-25
user0134,lisa.smith@company.com,Lisa,Smith,Marketing,false,2025-06-19
user0135,emily.johnson@company.com,Emily,Johnson,IT,false,2025-02-11
user0136,john.smith@testcorp.com,John,Smith,Operations,true,2025-03-05
user0137,maria.brown@company.com,Maria,Brown,HR,true,2025-07-16
user0138,sarah.williams@example.com,Sarah,Williams,Sales,false,2025-01-06
user0139,robert.davis@testcorp.com,Robert,Davis,Marketing,false,2025-04-17
user0140,james.smith@testcorp.com,James,Smith,Operations,false,2025-03-31
user0141,james.smith@testcorp.com,James,Smith,Sales,true,2025-04-22
user0142,lisa.miller@company.com,Lisa,Miller,Engineering,true,2025-09-02
user0143,michael.brown@example.com,Michael,Brown,HR,true,2025-09-04
user0144,robert.johnson@company.com,Robert,Johnson,Engineering,false,2025-11-10
user0145,michael.johnson@example.com,Michael,Johnson,Sales,true,2025-10-06
user0146,sarah.jones@company.com,Sarah,Jones,HR,false,2024-12-07
user0147,david.williams@example.com,David,Williams,Marketing,true,2025-06-30
user0148,lisa.rodriguez@testcorp.com,Lisa,Rodriguez,Finance,true,2025-01-13
user0149,john.williams@testcorp.com,John,Williams,Finance,false,2025-01-07
user0150,jane.johnson@testcorp.com,Jane,Johnson,HR,false,2025-05-26
user0151,james.jones@company.com,James,Jones,Finance,true,2025-04-07
user0152,sarah.johnson@testcorp.com,Sarah,Johnson,HR,false,2025-09-10
user0153,david.davis@testcorp.com,David,Davis,Operations,false,2025-09-18
user0154,michael.rodriguez@example.com,Michael,Rodriguez,Marketing,false,2025-05-04
user0155,jane.williams@testcorp.com,Jane,Williams,Engineering,false,2025-07-12
user0156,michael.brown@example.com,Michael,Brown,Operations,false,2025-04-28
user0157,sarah.johnson@example.com,Sarah,Johnson,Marketing,false,2025-01-11
user0158,robert.martinez@company.com,Robert,Martinez,Marketing,false,2025-05-20
user0159,john.williams@example.com,John,Williams,Support,false,2025-08-30
user0160,sarah.johnson@company.com,Sarah,Johnson,Sales,false,2025-02-01
user0161,sarah.martinez@testcorp.com,Sarah,Martinez,Finance,false,2024-11-25
user0162,john.johnson@example.com,John,Johnson,IT,false,2025-04-18
user0163,emily.brown@example.com,Emily,Brown,Marketing,true,2025-01-05
user0164,jane.johnson@testcorp.com,Jane,Johnson,Marketing,false,2025-09-21
user0165,jane.martinez@testcorp.com,Jane,Martinez,IT,true,2024-12-20
user0166,jane.brown@example.com,Jane,Brown,Sales,false,2025-04-21
user0167,sarah.miller@company.com,Sarah,Miller,Sales,false,2025-10-19
user0168,emily.davis@testcorp.com,Emily,Davis,Finance,true,2025-03-25
user0169,david.williams@example.com,David,Williams,Marketing,false,2025-06-26
user0170,michael.davis@company.com,Michael,Davis,Sales,false,2024-11-17
user0171,sarah.jones@company.com,Sarah,Jones,IT,true,2025-10-19
user0172,jane.miller@example.com,Jane,Miller,Engineering,false,2025-06-17
user0173,emily.smith@testcorp.com,Emily,Smith,IT,false,2025-01-29
user0174,michael.miller@testcorp.com,Michael,Miller,Support,false,2025-02-25
user0175,robert.jones@company.com,Robert,Jones,HR,false,2025-11-12
user0176,robert.davis@testcorp.com,Robert,Davis,Operations,false,2025-09-30
user0177,david.davis@example.com,David,Davis,Support,false,2024-12-06
user0178,john.johnson@testcorp.com,John,Johnson,IT,true,2025-02-10
user0179,robert.johnson@example.com,Robert,Johnson,Marketing,false,2025-03-14
user0180,michael.davis@testcorp.com,Michael,Davis,HR,false,2025-05-03
user0181,john.miller@example.com,John,Miller,Operations,true,2025-11-13
user0182,jane.davis@example.com,Jane,Davis,Engineering,true,2025-02-18
user0183,michael.smith@company.com,Michael,Smith,Operations,false,2025-05-04
user0184,robert.brown@company.com,Robert,Brown,Operations,true,2025-09-14
user0185,jane.martinez@example.com,Jane,Martinez,Sales,true,2025-03-30
user0186,david.miller@example.com,David,Miller,Finance,false,2025-02-28
user0187,jane.johnson@testcorp.com,Jane,Johnson,Support,false,2025-08-07
user0188,robert.davis@example.com,Robert,Davis,Engineering,false,2025-07-31
user0189,sarah.williams@example.com,Sarah,Williams,Finance,false,2025-05-22
user0190,jane.johnson@company.com,Jane,Johnson,IT,false,2025-09-29
user0191,john.jones@testcorp.com,John,Jones,Sales,false,2024-12-06
user0192,lisa.rodriguez@example.com,Lisa,Rodriguez,Finance,false,2025-09-02
user0193,lisa.rodriguez@example.com,Lisa,Rodriguez,IT,false,2025-04-29
user0194,sarah.rodriguez@company.com,Sarah,Rodriguez,Finance,false,2025-03-28
user0195,jane.rodriguez@example.com,Jane,Rodriguez,Finance,false,2025-01-04
user0196,michael.johnson@testcorp.com,Michael,Johnson,Finance,false,2025-01-16
user0197,emily.smith@testcorp.com,Emily,Smith,Sales,false,2025-03-23
user0198,michael.brown@testcorp.com,Michael,Brown,Finance,false,2025-07-22
user0199,jane.miller@example.com,Jane,Miller,IT,false,2025-04-21
user0200,michael.miller@example.com,Michael,Miller,IT,false,2025-03-01
user0201,lisa.rodriguez@example.com,Lisa,Rodriguez,Marketing,true,2025-07-18
user0202,emily.brown@example.com,Emily,Brown,Operations,true,2025-09-03
user0203,michael.rodriguez@example.com,Michael,Rodriguez,IT,false,2025-10-20
user0204,emily.davis@company.com,Emily,Davis,HR,false,2025-06-30
user0205,john.jones@company.com,John,Jones,Finance,false,2025-05-15
user0206,robert.williams@example.com,Robert,Williams,Engineering,false,2025-01-31
user0207,james.smith@company.com,James,Smith,IT,false,2025-07-14
user0208,maria.williams@testcorp.com,Maria,Williams,Marketing,false,2025-08-18
user0209,robert.davis@example.com,Robert,Davis,IT,false,2025-05-03
user0210,david.jones@company.com,David,Jones,HR,false,2025-04-11
user0211,sarah.martinez@company.com,Sarah,Martinez,Engineering,true,2025-02-17
user0212,robert.williams@example.com,Robert,Williams,Operations,false,2025-03-29
user0213,james.rodriguez@example.com,James,Rodriguez,Finance,true,2025-04-07
user0214,maria.brown@company.com,Maria,Brown,Finance,false,2024-12-05
user0215,lisa.martinez@company.com,Lisa,Martinez,IT,false,2025-08-29
user0216,michael.smith@company.com,Michael,Smith,Support,true,2025-04-24
user0217,maria.williams@example.com,Maria,Williams,Sales,false,2025-10-19
user0218,john.johnson@testcorp.com,John,Johnson,HR,true,2025-09-28
user0219,lisa.miller@example.com,Lisa,Miller,Sales,false,2024-12-10
user0220,maria.garcia@testcorp.com,Maria,Garcia,Finance,false,2025-04-16
user0221,emily.garcia@testcorp.com,Emily,Garcia,Marketing,true,2025-06-19
user0222,jane.smith@testcorp.com,Jane,Smith,HR,true,2025-07-23
user0223,david.smith@company.com,David,Smith,Marketing,false,2025-01-10
user0224,maria.brown@example.com,Maria,Brown,HR,false,2024-12-24
user0225,john.davis@company.com,John,Davis,Finance,true,2025-08-01
user0226,jane.miller@testcorp.com,Jane,Miller,Sales,true,2025-04-09
user0227,maria.davis@company.com,Maria,Davis,HR,false,2025-03-12
user0228,jane.brown@company.com,Jane,Brown,Finance,false,2025-05-25
user0229,emily.johnson@example.com,Emily,Johnson,Operations,false,2025-09-19
user0230,michael.garcia@testcorp.com,Michael,Garcia,HR,false,2025-06-25
user0231,robert.jones@testcorp.com,Robert,Jones,HR,false,2025-02-01
user0232,david.martinez@testcorp.com,David,Martinez,HR,false,2025-04-14
user0233,john.martinez@company.com,John,Martinez,Marketing,false,2025-10-12
user0234,john.miller@company.com,John,Miller,IT,false,2025-09-21
user0235,maria.miller@testcorp.com,Maria,Miller,HR,true,2025-07-29
user0236,robert.garcia@testcorp.com,Robert,Garcia,Finance,false,2025-11-06
user0237,sarah.martinez@company.com,Sarah,Martinez,Operations,true,2025-07-07
user0238,maria.davis@company.com,Maria,Davis,Marketing,false,2025-05-07
user0239,john.johnson@example.com,John,Johnson,Operations,false,2025-08-04
user0240,sarah.rodriguez@testcorp.com,Sarah,Rodriguez,HR,false,2025-06-05
user0241,david.davis@testcorp.com,David,Davis,Finance,false,2025-07-24
user0242,john.miller@company.com,John,Miller,Support,false,2024-12-17
user0243,maria.smith@company.com,Maria,Smith,Engineering,false,2025-04-17
user0244,jane.brown@example.com,Jane,Brown,Operations,false,2025-07-17
user0245,maria.johnson@testcorp.com,Maria,Johnson,IT,false,2025-03-26
user0246,jane.jones@example.com,Jane,Jones,Sales,false,2025-05-10
user0247,robert.rodriguez@company.com,Robert,Rodriguez,IT,false,2025-04-29
user0248,john.martinez@example.com,John,Martinez,Sales,false,2025-03-31
user0249,sarah.martinez@testcorp.com,Sarah,Martinez,IT,false,2025-05-01
user0250,john.jones@testcorp.com,John,Jones,Sales,false,2025-01-02
user0251,emily.miller@example.com,Emily,Miller,Finance,false,2025-07-18
user0252,sarah.williams@example.com,Sarah,Williams,IT,false,2025-02-27
user0253,maria.jones@example.com,Maria,Jones,Finance,false,2025-03-20
user0254,david.rodriguez@company.com,David,Rodriguez,HR,false,2025-08-03
user0255,emily.brown@example.com,Emily,Brown,Operations,false,2025-08-08
user0256,david.davis@company.com,David,Davis,IT,true,2025-11-08
user0257,sarah.johnson@example.com,Sarah,Johnson,Marketing,false,2025-06-14
user0258,lisa.johnson@example.com,Lisa,Johnson,IT,false,2025-05-11
user0259,sarah.martinez@testcorp.com,Sarah,Martinez,HR,true,2025-04-24
user0260,james.smith@testcorp.com,James,Smith,Engineering,false,2024-12-30
user0261,emily.jones@company.com,Emily,Jones,Marketing,false,2025-08-18
user0262,david.miller@company.com,David,Miller,IT,false,2025-06-28
user0263,lisa.rodriguez@example.com,Lisa,Rodriguez,Engineering,false,2025-10-01
user0264,sarah.jones@example.com,Sarah,Jones,Operations,true,2025-05-03
user0265,david.jones@company.com,David,Jones,Finance,false,2024-12-22
user0266,sarah.brown@example.com,Sarah,Brown,Sales,true,2025-10-26
user0267,james.williams@company.com,James,Williams,IT,true,2025-03-21
user0268,sarah.rodriguez@company.com,Sarah,Rodriguez,IT,false,2025-11-06
user0269,maria.jones@example.com,Maria,Jones,HR,false,2025-05-12
user0270,john.brown@example.com,John,Brown,Finance,false,2025-06-22
user0271,james.smith@testcorp.com,James,Smith,Finance,false,2024-12-28
user0272,sarah.garcia@company.com,Sarah,Garcia,Sales,false,2025-01-27
user0273,robert.miller@testcorp.com,Robert,Miller,Sales,true,2025-02-27
user0274,john.williams@testcorp.com,John,Williams,Support,true,2025-11-15
user0275,sarah.smith@example.com,Sarah,Smith,IT,false,2025-08-01
user0276,lisa.johnson@testcorp.com,Lisa,Johnson,Operations,false,2025-02-24
user0277,david.smith@company.com,David,Smith,Operations,false,2025-06-20
user0278,david.rodriguez@company.com,David,Rodriguez,Operations,false,2025-09-02
user0279,maria.garcia@company.com,Maria,Garcia,Marketing,false,2025-08-21
user0280,sarah.davis@company.com,Sarah,Davis,IT,false,2025-08-20
user0281,michael.martinez@testcorp.com,Michael,Martinez,Operations,false,2024-11-18
user0282,robert.rodriguez@company.com,Robert,Rodriguez,IT,true,2025-03-29
user0283,emily.rodriguez@example.com,Emily,Rodriguez,Finance,false,2025-03-06
user0284,robert.rodriguez@company.com,Robert,Rodriguez,Marketing,false,2025-01-27
user0285,john.martinez@example.com,John,Martinez,Operations,false,2025-03-31
user0286,lisa.williams@testcorp.com,Lisa,Williams,Operations,false,2025-03-29
user0287,robert.garcia@example.com,Robert,Garcia,Marketing,false,2025-05-19
user0288,emily.rodriguez@company.com,Emily,Rodriguez,Finance,false,2024-11-22
user0289,david.brown@company.com,David,Brown,IT,false,2025-08-05
user0290,emily.smith@company.com,Emily,Smith,Marketing,false,2025-06-20
user0291,lisa.martinez@example.com,Lisa,Martinez,IT,false,2025-09-25
user0292,maria.williams@company.com,Maria,Williams,Sales,false,2025-05-23
user0293,emily.martinez@example.com,Emily,Martinez,HR,false,2025-05-21
user0294,david.smith@testcorp.com,David,Smith,IT,false,2025-10-04
user0295,michael.johnson@example.com,Michael,Johnson,Support,false,2025-06-08
user0296,lisa.miller@company.com,Lisa,Miller,Engineering,true,2025-06-21
user0297,david.williams@example.com,David,Williams,Marketing,false,2025-04-20
user0298,david.smith@testcorp.com,David,Smith,Support,true,2024-11-21
user0299,david.jones@example.com,David,Jones,Support,false,2025-05-08
user0300,maria.smith@company.com,Maria,Smith,HR,true,2025-10-23
user0301,emily.smith@example.com,Emily,Smith,Finance,false,2025-10-24
user0302,david.williams@example.com,David,Williams,Finance,true,2024-12-26
user0303,james.garcia@example.com,James,Garcia,Engineering,false,2025-09-30
user0304,john.miller@testcorp.com,John,Miller,Finance,false,2025-04-30
user0305,john.brown@example.com,John,Brown,Finance,false,2025-05-08
user0306,jane.johnson@testcorp.com,Jane,Johnson,Finance,false,2025-10-06
user0307,michael.miller@testcorp.com,Michael,Miller,Support,false,2025-02-26
user0308,maria.smith@testcorp.com,Maria,Smith,Engineering,false,2025-08-26
user0309,emily.williams@example.com,Emily,Williams,Support,false,2025-02-11
user0310,maria.smith@testcorp.com,Maria,Smith,Marketing,false,2025-02-08
user0311,michael.davis@example.com,Michael,Davis,HR,false,2025-10-17
user0312,michael.jones@testcorp.com,Michael,Jones,Finance,false,2025-02-09
user0313,robert.davis@company.com,Robert,Davis,HR,false,2025-02-21
user0314,emily.johnson@testcorp.com,Emily,Johnson,IT,true,2025-11-01
user0315,lisa.martinez@example.com,Lisa,Martinez,IT,false,2025-08-11
user0316,david.smith@testcorp.com,David,Smith,Finance,true,2025-04-25
user0317,sarah.davis@example.com,Sarah,Davis,Marketing,true,2025-04-19
user0318,jane.martinez@company.com,Jane,Martinez,Operations,false,2025-08-06
user0319,david.johnson@example.com,David,Johnson,Finance,false,2025-07-18
user0320,david.rodriguez@company.com,David,Rodriguez,Finance,false,2024-11-18
user0321,david.smith@company.com,David,Smith,Sales,false,2025-03-08
user0322,james.johnson@example.com,James,Johnson,IT,false,2025-07-15
user0323,robert.rodriguez@example.com,Robert,Rodriguez,Sales,false,2025-08-03
user0324,james.brown@company.com,James,Brown,Sales,false,2025-03-15
user0325,michael.jones@company.com,Michael,Jones,HR,false,2025-06-02
user0326,maria.garcia@company.com,Maria,Garcia,IT,true,2025-08-11
user0327,emily.smith@testcorp.com,Emily,Smith,Marketing,true,2024-11-23
user0328,emily.martinez@company.com,Emily,Martinez,Finance,false,2025-08-18
user0329,john.jones@example.com,John,Jones,IT,false,2025-10-07
user0330,maria.jones@example.com,Maria,Jones,Finance,false,2025-05-02
user0331,michael.williams@example.com,Michael,Williams,Support,false,2025-01-29
user0332,john.jones@company.com,John,Jones,Engineering,true,2025-06-11
user0333,lisa.smith@testcorp.com,Lisa,Smith,HR,false,2025-02-28
user0334,sarah.smith@company.com,Sarah,Smith,Engineering,true,2025-04-13
user0335,jane.smith@testcorp.com,Jane,Smith,Operations,false,2025-09-13
user0336,maria.smith@testcorp.com,Maria,Smith,Sales,false,2025-10-28
user0337,robert.rodriguez@example.com,Robert,Rodriguez,Support,false,2025-11-04
user0338,robert.garcia@example.com,Robert,Garcia,Operations,true,2025-03-31
user0339,james.davis@testcorp.com,James,Davis,Engineering,false,2025-05-04
user0340,michael.rodriguez@example.com,Michael,Rodriguez,Finance,false,2025-04-04
user0341,michael.garcia@example.com,Michael,Garcia,Finance,false,2025-08-18
user0342,sarah.davis@testcorp.com,Sarah,Davis,Marketing,false,2024-12-12
user0343,john.williams@testcorp.com,John,Williams,Support,true,2025-03-12
user0344,lisa.johnson@example.com,Lisa,Johnson,Support,false,2025-04-26
user0345,david.smith@example.com,David,Smith,Operations,true,2025-02-21
user0346,maria.rodriguez@company.com,Maria,Rodriguez,Engineering,false,2025-01-16
user0347,robert.johnson@testcorp.com,Robert,Johnson,HR,false,2025-04-26
user0348,sarah.williams@testcorp.com,Sarah,Williams,IT,false,2025-09-15
user0349,david.johnson@example.com,David,Johnson,Engineering,false,2025-03-01
user0350,michael.johnson@example.com,Michael,Johnson,Engineering,false,2025-08-24
user0351,lisa.williams@example.com,Lisa,Williams,Support,false,2025-06-11
user0352,michael.rodriguez@testcorp.com,Michael,Rodriguez,Marketing,false,2024-12-23
user0353,jane.johnson@testcorp.com,Jane,Johnson,HR,false,2025-02-13
user0354,michael.smith@example.com,Michael,Smith,Support,false,2025-06-29
user0355,jane.johnson@example.com,Jane,Johnson,Marketing,false,2025-05-08
user0356,lisa.johnson@testcorp.com,Lisa,Johnson,Sales,false,2025-10-27
user0357,lisa.jones@example.com,Lisa,Jones,IT,true,2025-02-27
user0358,emily.jones@example.com,Emily,Jones,HR,false,2025-10-14
user0359,david.johnson@company.com,David,Johnson,HR,false,2025-01-31
user0360,david.smith@example.com,David,Smith,IT,false,2025-08-29
user0361,jane.johnson@example.com,Jane,Johnson,Sales,true,2025-10-30
user0362,michael.davis@example.com,Michael,Davis,Operations,false,2025-10-13
user0363,emily.martinez@company.com,Emily,Martinez,Finance,true,2024-12-10
user0364,robert.smith@company.com,Robert,Smith,Operations,false,2025-07-06
user0365,robert.davis@testcorp.com,Robert,Davis,Support,false,2024-12-05
user0366,robert.davis@testcorp.com,Robert,Davis,IT,false,2025-08-16
user0367,robert.williams@testcorp.com,Robert,Williams,Marketing,false,2025-05-28
user0368,michael.brown@company.com,Michael,Brown,HR,true,2025-06-17
user0369,sarah.smith@company.com,Sarah,Smith,Support,true,2025-03-12
user0370,lisa.rodriguez@example.com,Lisa,Rodriguez,Support,true,2025-09-12
user0371,emily.johnson@testcorp.com,Emily,Johnson,Finance,true,2025-10-28
user0372,sarah.miller@example.com,Sarah,Miller,Operations,true,2025-05-11
user0373,robert.martinez@example.com,Robert,Martinez,IT,false,2025-04-10
user0374,john.johnson@example.com,John,Johnson,Support,true,2025-06-11
user0375,lisa.garcia@testcorp.com,Lisa,Garcia,HR,false,2025-04-27
user0376,maria.garcia@testcorp.com,Maria,Garcia,Marketing,false,2025-04-20
user0377,robert.williams@testcorp.com,Robert,Williams,Engineering,false,2025-05-22
user0378,david.smith@example.com,David,Smith,Operations,false,2025-11-03
user0379,maria.smith@company.com,Maria,Smith,Engineering,true,2025-07-30
user0380,jane.davis@example.com,Jane,Davis,Support,true,2025-04-09
user0381,michael.davis@company.com,Michael,Davis,HR,false,2025-01-06
user0382,maria.brown@testcorp.com,Maria,Brown,Finance,false,2025-08-11
user0383,robert.martinez@testcorp.com,Robert,Martinez,HR,true,2025-05-23
user0384,emily.johnson@example.com,Emily,Johnson,HR,false,2025-06-29
user0385,david.johnson@testcorp.com,David,Johnson,Sales,false,2025-02-27
user0386,robert.johnson@testcorp.com,Robert,Johnson,Support,false,2024-11-25
user0387,david.martinez@testcorp.com,David,Martinez,Operations,true,2025-08-28
user0388,john.johnson@example.com,John,Johnson,Support,true,2025-05-27
user0389,james.miller@company.com,James,Miller,HR,true,2025-09-02
user0390,michael.rodriguez@example.com,Michael,Rodriguez,Support,false,2025-06-12
user0391,sarah.johnson@testcorp.com,Sarah,Johnson,Engineering,false,2025-03-25
user0392,james.smith@company.com,James,Smith,IT,false,2025-04-09
user0393,robert.martinez@example.com,Robert,Martinez,Marketing,false,2025-02-03
user0394,emily.martinez@testcorp.com,Emily,Martinez,IT,false,2025-04-08
user0395,lisa.brown@testcorp.com,Lisa,Brown,Support,false,2025-05-22
user0396,james.johnson@company.com,James,Johnson,Marketing,false,2025-09-17
user0397,emily.miller@company.com,Emily,Miller,HR,true,2025-10-21
user0398,james.rodriguez@testcorp.com,James,Rodriguez,Sales,true,2025-05-08
user0399,michael.brown@example.com,Michael,Brown,Support,true,2025-01-26
user0400,michael.martinez@company.com,Michael,Martinez,IT,false,2025-04-02
user0401,michael.williams@company.com,Michael,Williams,Operations,true,2025-10-28
user0402,maria.miller@testcorp.com,Maria,Miller,Engineering,true,2025-10-30
user0403,john.davis@example.com,John,Davis,Engineering,false,2025-05-23
user0404,john.martinez@testcorp.com,John,Martinez,HR,false,2024-12-01
user0405,james.miller@company.com,James,Miller,Marketing,false,2025-03-07
user0406,robert.smith@example.com,Robert,Smith,Marketing,false,2025-08-08
user0407,sarah.miller@company.com,Sarah,Miller,HR,false,2025-03-10
user0408,david.rodriguez@example.com,David,Rodriguez,Support,false,2025-05-02
user0409,maria.garcia@example.com,Maria,Garcia,Engineering,false,2025-09-21
user0410,david.martinez@company.com,David,Martinez,Engineering,true,2025-02-23
user0411,lisa.garcia@company.com,Lisa,Garcia,Support,true,2025-07-24
user0412,james.miller@company.com,James,Miller,HR,false,2024-11-25
user0413,jane.martinez@example.com,Jane,Martinez,Support,false,2025-01-27
user0414,david.williams@example.com,David,Williams,Engineering,false,2025-02-03
user0415,john.martinez@testcorp.com,John,Martinez,Engineering,false,2025-02-27
user0416,robert.martinez@company.com,Robert,Martinez,Operations,false,2025-05-04
user0417,david.williams@company.com,David,Williams,Marketing,false,2025-07-22
user0418,david.garcia@example.com,David,Garcia,Operations,false,2024-12-02
user0419,robert.garcia@company.com,Robert,Garcia,Marketing,false,2025-01-07
user0420,emily.martinez@company.com,Emily,Martinez,Sales,false,2025-09-20
user0421,robert.smith@testcorp.com,Robert,Smith,HR,false,2024-12-22
user0422,james.smith@testcorp.com,James,Smith,Marketing,false,2025-08-15
user0423,michael.brown@testcorp.com,Michael,Brown,Marketing,true,2025-07-28
user0424,emily.garcia@company.com,Emily,Garcia,Operations,false,2025-07-23
user0425,jane.miller@testcorp.com,Jane,Miller,Sales,false,2025-08-28
user0426,robert.martinez@company.com,Robert,Martinez,HR,false,2025-06-05
user0427,maria.smith@company.com,Maria,Smith,Sales,true,2025-07-15
user0428,john.johnson@company.com,John,Johnson,Operations,false,2025-07-29
user0429,maria.jones@testcorp.com,Maria,Jones,Engineering,false,2024-12-22
user0430,jane.rodriguez@testcorp.com,Jane,Rodriguez,IT,false,2025-06-20
user0431,maria.brown@company.com,Maria,Brown,Operations,true,2025-01-02
user0432,john.smith@example.com,John,Smith,Marketing,false,2025-01-18
user0433,david.johnson@example.com,David,Johnson,IT,true,2025-01-14
user0434,emily.garcia@testcorp.com,Emily,Garcia,HR,false,2025-09-19
user0435,john.miller@testcorp.com,John,Miller,IT,false,2025-06-05
user0436,david.miller@testcorp.com,David,Miller,Engineering,true,2025-10-01
user0437,john.smith@testcorp.com,John,Smith,Engineering,false,2025-08-20
user0438,david.smith@example.com,David,Smith,Marketing,false,2025-04-23
user0439,david.miller@example.com,David,Miller,IT,false,2025-05-06
user0440,robert.johnson@example.com,Robert,Johnson,Operations,false,2024-12-13
user0441,emily.smith@example.com,Emily,Smith,Marketing,false,2025-01-27
user0442,michael.garcia@company.com,Michael,Garcia,IT,false,2025-02-24
user0443,maria.williams@company.com,Maria,Williams,HR,false,2025-10-31
user0444,lisa.brown@testcorp.com,Lisa,Brown,Engineering,false,2025-06-12
user0445,emily.brown@company.com,Emily,Brown,HR,false,2025-10-21
user0446,lisa.jones@testcorp.com,Lisa,Jones,Marketing,false,2024-12-15
user0447,john.jones@testcorp.com,John,Jones,Engineering,false,2025-04-27
user0448,jane.miller@testcorp.com,Jane,Miller,IT,true,2025-10-15
user0449,emily.smith@example.com,Emily,Smith,IT,false,2025-04-26
user0450,emily.davis@company.com,Emily,Davis,Operations,false,2025-03-13
user0451,jane.martinez@company.com,Jane,Martinez,Operations,false,2025-04-09
user0452,lisa.williams@example.com,Lisa,Williams,Support,false,2025-09-20
user0453,david.johnson@example.com,David,Johnson,Finance,true,2025-08-31
user0454,sarah.johnson@example.com,Sarah,Johnson,Finance,true,2025-03-07
user0455,james.jones@testcorp.com,James,Jones,Support,true,2024-11-24
user0456,john.davis@company.com,John,Davis,HR,false,2024-12-04
user0457,robert.johnson@example.com,Robert,Johnson,Marketing,false,2025-01-25
user0458,robert.brown@example.com,Robert,Brown,Marketing,true,2025-03-12
user0459,emily.brown@testcorp.com,Emily,Brown,Support,false,2025-04-04
user0460,michael.jones@example.com,Michael,Jones,Support,false,2024-12-01
user0461,james.williams@company.com,James,Williams,Support,false,2024-12-25
user0462,sarah.jones@company.com,Sarah,Jones,Finance,true,2024-12-20
user0463,david.martinez@example.com,David,Martinez,Marketing,false,2025-08-22
user0464,lisa.jones@testcorp.com,Lisa,Jones,Marketing,true,2025-06-29
user0465,lisa.miller@company.com,Lisa,Miller,IT,false,2025-08-11
user0466,john.garcia@testcorp.com,John,Garcia,HR,false,2024-12-30
user0467,emily.rodriguez@testcorp.com,Emily,Rodriguez,IT,false,2025-10-05
user0468,michael.miller@company.com,Michael,Miller,Marketing,false,2025-01-30
user0469,david.smith@example.com,David,Smith,IT,false,2025-04-16
user0470,david.smith@example.com,David,Smith,IT,true,2025-04-20
user0471,john.brown@company.com,John,Brown,Engineering,false,2025-04-09
user0472,david.davis@example.com,David,Davis,Support,false,2025-03-15
user0473,lisa.smith@example.com,Lisa,Smith,Operations,false,2025-11-13
user0474,emily.williams@example.com,Emily,Williams,Sales,false,2025-09-17
user0475,michael.williams@testcorp.com,Michael,Williams,Sales,true,2024-12-04
user0476,sarah.brown@company.com,Sarah,Brown,HR,false,2025-06-15
user0477,john.smith@testcorp.com,John,Smith,HR,false,2025-03-13
user0478,emily.brown@company.com,Emily,Brown,Engineering,true,2025-02-03
user0479,jane.johnson@testcorp.com,Jane,Johnson,Marketing,true,2025-03-25
user0480,sarah.davis@example.com,Sarah,Davis,Sales,false,2025-09-28
user0481,michael.garcia@testcorp.com,Michael,Garcia,Marketing,true,2025-05-26
user0482,maria.jones@testcorp.com,Maria,Jones,Finance,true,2025-01-25
user0483,james.miller@testcorp.com,James,Miller,IT,false,2025-11-07
user0484,john.brown@testcorp.com,John,Brown,Operations,true,2024-11-25
user0485,sarah.brown@testcorp.com,Sarah,Brown,Sales,false,2025-09-26
user0486,james.jones@testcorp.com,James,Jones,Engineering,false,2025-05-25
user0487,maria.martinez@example.com,Maria,Martinez,Support,false,2025-11-02
user0488,david.rodriguez@company.com,David,Rodriguez,Support,false,2025-01-11
user0489,maria.davis@company.com,Maria,Davis,Finance,false,2024-11-21
user0490,james.garcia@example.com,James,Garcia,Finance,false,2025-07-27
user0491,james.smith@testcorp.com,James,Smith,IT,false,2025-09-03
user0492,james.jones@testcorp.com,James,Jones,Support,false,2025-06-29
user0493,lisa.johnson@company.com,Lisa,Johnson,Engineering,false,2024-11-17
user0494,maria.rodriguez@example.com,Maria,Rodriguez,Support,false,2025-11-06
user0495,emily.brown@example.com,Emily,Brown,IT,false,2025-09-06
user0496,maria.johnson@testcorp.com,Maria,Johnson,Operations,false,2024-11-26
user0497,james.davis@example.com,James,Davis,Engineering,true,2025-08-21
user0498,robert.miller@example.com,Robert,Miller,Engineering,false,2025-05-30
user0499,john.williams@testcorp.com,John,Williams,Marketing,true,2024-12-02
user0500,sarah.davis@company.com,Sarah,Davis,Finance,false,2025-08-04
